curve,point_idx,x,y,metric_mean,metric_std
roc,0,0.0,0.0,0.9955310375412646,0.0006120025395108748
roc,1,0.002506265664160401,0.5763720756407869,0.9955310375412646,0.0006120025395108748
roc,2,0.005012531328320802,0.7453527580971966,0.9955310375412646,0.0006120025395108748
roc,3,0.007518796992481203,0.8312790297901158,0.9955310375412646,0.0006120025395108748
roc,4,0.010025062656641603,0.8825757129959095,0.9955310375412646,0.0006120025395108748
roc,5,0.012531328320802004,0.9146216008259437,0.9955310375412646,0.0006120025395108748
roc,6,0.015037593984962405,0.9385214189724437,0.9955310375412646,0.0006120025395108748
roc,7,0.017543859649122806,0.9527258464432122,0.9955310375412646,0.0006120025395108748
roc,8,0.020050125313283207,0.9636400333876342,0.9955310375412646,0.0006120025395108748
roc,9,0.022556390977443608,0.97189628435683,0.9955310375412646,0.0006120025395108748
roc,10,0.02506265664160401,0.9784222914264177,0.9955310375412646,0.0006120025395108748
roc,11,0.02756892230576441,0.9827763803748931,0.9955310375412646,0.0006120025395108748
roc,12,0.03007518796992481,0.9857737148816008,0.9955310375412646,0.0006120025395108748
roc,13,0.03258145363408521,0.9886403167152572,0.9955310375412646,0.0006120025395108748
roc,14,0.03508771929824561,0.9906795808650924,0.9955310375412646,0.0006120025395108748
roc,15,0.03759398496240601,0.9924386195605959,0.9955310375412646,0.0006120025395108748
roc,16,0.040100250626566414,0.9936603131141742,0.9955310375412646,0.0006120025395108748
roc,17,0.042606516290726815,0.9947707770709477,0.9955310375412646,0.0006120025395108748
roc,18,0.045112781954887216,0.9956120799878772,0.9955310375412646,0.0006120025395108748
roc,19,0.047619047619047616,0.9962581049333157,0.9955310375412646,0.0006120025395108748
roc,20,0.05012531328320802,0.9967799667497456,0.9955310375412646,0.0006120025395108748
roc,21,0.05263157894736842,0.9972576102396682,0.9955310375412646,0.0006120025395108748
roc,22,0.05513784461152882,0.9976492294709637,0.9955310375412646,0.0006120025395108748
roc,23,0.05764411027568922,0.9980135660884233,0.9955310375412646,0.0006120025395108748
roc,24,0.06015037593984962,0.9982620005557559,0.9955310375412646,0.0006120025395108748
roc,25,0.06265664160401002,0.9984056067196349,0.9955310375412646,0.0006120025395108748
roc,26,0.06516290726817042,0.9985430893903399,0.9955310375412646,0.0006120025395108748
roc,27,0.06766917293233082,0.9986851783440084,0.9955310375412646,0.0006120025395108748
roc,28,0.07017543859649122,0.9987848308900753,0.9955310375412646,0.0006120025395108748
roc,29,0.07268170426065163,0.9988930946522299,0.9955310375412646,0.0006120025395108748
roc,30,0.07518796992481203,0.9989859607351839,0.9955310375412646,0.0006120025395108748
roc,31,0.07769423558897243,0.9990370498561004,0.9955310375412646,0.0006120025395108748
roc,32,0.08020050125313283,0.9991272034403996,0.9955310375412646,0.0006120025395108748
roc,33,0.08270676691729323,0.9991828777146778,0.9955310375412646,0.0006120025395108748
roc,34,0.08521303258145363,0.9992016317931316,0.9955310375412646,0.0006120025395108748
roc,35,0.08771929824561403,0.9992163941123025,0.9955310375412646,0.0006120025395108748
roc,36,0.09022556390977443,0.9992330772805976,0.9955310375412646,0.0006120025395108748
roc,37,0.09273182957393483,0.9992550694987672,0.9955310375412646,0.0006120025395108748
roc,38,0.09523809523809523,0.999276527576939,0.9955310375412646,0.0006120025395108748
roc,39,0.09774436090225563,0.9993249554283705,0.9955310375412646,0.0006120025395108748
roc,40,0.10025062656641603,0.9993585223390273,0.9955310375412646,0.0006120025395108748
roc,41,0.10275689223057644,0.9993968653308929,0.9955310375412646,0.0006120025395108748
roc,42,0.10526315789473684,0.9994190832518461,0.9955310375412646,0.0006120025395108748
roc,43,0.10776942355889724,0.9994344564548067,0.9955310375412646,0.0006120025395108748
roc,44,0.11027568922305764,0.999454877989723,0.9955310375412646,0.0006120025395108748
roc,45,0.11278195488721804,0.9994680389275997,0.9955310375412646,0.0006120025395108748
roc,46,0.11528822055137844,0.9994743790976708,0.9955310375412646,0.0006120025395108748
roc,47,0.11779448621553884,0.9994804755576823,0.9955310375412646,0.0006120025395108748
roc,48,0.12030075187969924,0.9994896219928308,0.9955310375412646,0.0006120025395108748
roc,49,0.12280701754385964,0.999503235413816,0.9955310375412646,0.0006120025395108748
roc,50,0.12531328320802004,0.9995142537520758,0.9955310375412646,0.0006120025395108748
roc,51,0.12781954887218044,0.9995289044395811,0.9955310375412646,0.0006120025395108748
roc,52,0.13032581453634084,0.99954217879274,0.9955310375412646,0.0006120025395108748
roc,53,0.13283208020050125,0.9995492434319957,0.9955310375412646,0.0006120025395108748
roc,54,0.13533834586466165,0.9995682414438628,0.9955310375412646,0.0006120025395108748
roc,55,0.13784461152882205,0.9995758171299969,0.9955310375412646,0.0006120025395108748
roc,56,0.14035087719298245,0.9995892751227181,0.9955310375412646,0.0006120025395108748
roc,57,0.14285714285714285,0.9996035524375492,0.9955310375412646,0.0006120025395108748
roc,58,0.14536340852130325,0.9996074121912903,0.9955310375412646,0.0006120025395108748
roc,59,0.14786967418546365,0.999609582162171,0.9955310375412646,0.0006120025395108748
roc,60,0.15037593984962405,0.9996148059618115,0.9955310375412646,0.0006120025395108748
roc,61,0.15288220551378445,0.9996304192259797,0.9955310375412646,0.0006120025395108748
roc,62,0.15538847117794485,0.9996406610336217,0.9955310375412646,0.0006120025395108748
roc,63,0.15789473684210525,0.9996472190630366,0.9955310375412646,0.0006120025395108748
roc,64,0.16040100250626566,0.9996540030342949,0.9955310375412646,0.0006120025395108748
roc,65,0.16290726817042606,0.999668619398258,0.9955310375412646,0.0006120025395108748
roc,66,0.16541353383458646,0.9996753325524912,0.9955310375412646,0.0006120025395108748
roc,67,0.16791979949874686,0.9996967724636037,0.9955310375412646,0.0006120025395108748
roc,68,0.17042606516290726,0.9997016962577717,0.9955310375412646,0.0006120025395108748
roc,69,0.17293233082706766,0.9997058312149824,0.9955310375412646,0.0006120025395108748
roc,70,0.17543859649122806,0.9997088026147555,0.9955310375412646,0.0006120025395108748
roc,71,0.17794486215538846,0.999710983448192,0.9955310375412646,0.0006120025395108748
roc,72,0.18045112781954886,0.9997131642816284,0.9955310375412646,0.0006120025395108748
roc,73,0.18295739348370926,0.9997170516160306,0.9955310375412646,0.0006120025395108748
roc,74,0.18546365914786966,0.9997229782452031,0.9955310375412646,0.0006120025395108748
roc,75,0.18796992481203006,0.9997253635304386,0.9955310375412646,0.0006120025395108748
roc,76,0.19047619047619047,0.9997275443638751,0.9955310375412646,0.0006120025395108748
roc,77,0.19298245614035087,0.9997297251973114,0.9955310375412646,0.0006120025395108748
roc,78,0.19548872180451127,0.9997312244217988,0.9955310375412646,0.0006120025395108748
roc,79,0.19799498746867167,0.9997319601325051,0.9955310375412646,0.0006120025395108748
roc,80,0.20050125313283207,0.9997361704624016,0.9955310375412646,0.0006120025395108748
roc,81,0.20300751879699247,0.9997416057238308,0.9955310375412646,0.0006120025395108748
roc,82,0.20551378446115287,0.9997455018645327,0.9955310375412646,0.0006120025395108748
roc,83,0.20802005012531327,0.99974740439642,0.9955310375412646,0.0006120025395108748
roc,84,0.21052631578947367,0.9997493069283074,0.9955310375412646,0.0006120025395108748
roc,85,0.21303258145363407,0.9997517568727897,0.9955310375412646,0.0006120025395108748
roc,86,0.21553884711779447,0.9997542755919229,0.9955310375412646,0.0006120025395108748
roc,87,0.21804511278195488,0.999756794311056,0.9955310375412646,0.0006120025395108748
roc,88,0.22055137844611528,0.9997593130301892,0.9955310375412646,0.0006120025395108748
roc,89,0.22305764411027568,0.9997722338543561,0.9955310375412646,0.0006120025395108748
roc,90,0.22556390977443608,0.999773407852997,0.9955310375412646,0.0006120025395108748
roc,91,0.22807017543859648,0.9997772452929986,0.9955310375412646,0.0006120025395108748
roc,92,0.23057644110275688,0.9997816933778964,0.9955310375412646,0.0006120025395108748
roc,93,0.23308270676691728,0.9997858612659989,0.9955310375412646,0.0006120025395108748
roc,94,0.23558897243107768,0.9997900291541019,0.9955310375412646,0.0006120025395108748
roc,95,0.23809523809523808,0.9997918808210653,0.9955310375412646,0.0006120025395108748
roc,96,0.24060150375939848,0.9997924507585612,0.9955310375412646,0.0006120025395108748
roc,97,0.24310776942355888,0.9997934462909864,0.9955310375412646,0.0006120025395108748
roc,98,0.24561403508771928,0.9997944418234118,0.9955310375412646,0.0006120025395108748
roc,99,0.24812030075187969,0.9997962106867828,0.9955310375412646,0.0006120025395108748
roc,100,0.2506265664160401,0.9997984763625871,0.9955310375412646,0.0006120025395108748
roc,101,0.2531328320802005,0.9998007420383914,0.9955310375412646,0.0006120025395108748
roc,102,0.2556390977443609,0.9998030077141958,0.9955310375412646,0.0006120025395108748
roc,103,0.2581453634085213,0.9998051032413644,0.9955310375412646,0.0006120025395108748
roc,104,0.2606516290726817,0.9998054789983921,0.9955310375412646,0.0006120025395108748
roc,105,0.2631578947368421,0.9998057298509477,0.9955310375412646,0.0006120025395108748
roc,106,0.2656641604010025,0.9998059807035032,0.9955310375412646,0.0006120025395108748
roc,107,0.2681704260651629,0.9998062315560589,0.9955310375412646,0.0006120025395108748
roc,108,0.2706766917293233,0.9998064824086142,0.9955310375412646,0.0006120025395108748
roc,109,0.2731829573934837,0.9998067332611699,0.9955310375412646,0.0006120025395108748
roc,110,0.2756892230576441,0.9998137707102506,0.9955310375412646,0.0006120025395108748
roc,111,0.2781954887218045,0.9998156603484405,0.9955310375412646,0.0006120025395108748
roc,112,0.2807017543859649,0.9998173578763179,0.9955310375412646,0.0006120025395108748
roc,113,0.2832080200501253,0.9998200189982533,0.9955310375412646,0.0006120025395108748
roc,114,0.2857142857142857,0.9998233484784684,0.9955310375412646,0.0006120025395108748
roc,115,0.2882205513784461,0.9998242708421469,0.9955310375412646,0.0006120025395108748
roc,116,0.2907268170426065,0.9998242708421469,0.9955310375412646,0.0006120025395108748
roc,117,0.2932330827067669,0.9998242708421469,0.9955310375412646,0.0006120025395108748
roc,118,0.2957393483709273,0.999829041270338,0.9955310375412646,0.0006120025395108748
roc,119,0.2982456140350877,0.9998299502401305,0.9955310375412646,0.0006120025395108748
roc,120,0.3007518796992481,0.9998299502401305,0.9955310375412646,0.0006120025395108748
roc,121,0.3032581453634085,0.9998299502401305,0.9955310375412646,0.0006120025395108748
roc,122,0.3057644110275689,0.9998299502401305,0.9955310375412646,0.0006120025395108748
roc,123,0.3082706766917293,0.9998299502401305,0.9955310375412646,0.0006120025395108748
roc,124,0.3107769423558897,0.9998299502401305,0.9955310375412646,0.0006120025395108748
roc,125,0.3132832080200501,0.9998299502401305,0.9955310375412646,0.0006120025395108748
roc,126,0.3157894736842105,0.9998299502401305,0.9955310375412646,0.0006120025395108748
roc,127,0.3182957393483709,0.9998317606374438,0.9955310375412646,0.0006120025395108748
roc,128,0.3208020050125313,0.999834275521334,0.9955310375412646,0.0006120025395108748
roc,129,0.3233082706766917,0.9998356339959564,0.9955310375412646,0.0006120025395108748
roc,130,0.3258145363408521,0.9998356339959564,0.9955310375412646,0.0006120025395108748
roc,131,0.3283208020050125,0.9998356339959564,0.9955310375412646,0.0006120025395108748
roc,132,0.3308270676691729,0.9998356339959564,0.9955310375412646,0.0006120025395108748
roc,133,0.3333333333333333,0.9998356339959564,0.9955310375412646,0.0006120025395108748
roc,134,0.3358395989974937,0.9998356339959564,0.9955310375412646,0.0006120025395108748
roc,135,0.3383458646616541,0.9998356339959564,0.9955310375412646,0.0006120025395108748
roc,136,0.3408521303258145,0.9998356339959564,0.9955310375412646,0.0006120025395108748
roc,137,0.3433583959899749,0.9998356339959564,0.9955310375412646,0.0006120025395108748
roc,138,0.3458646616541353,0.9998416706658819,0.9955310375412646,0.0006120025395108748
roc,139,0.3483709273182957,0.9998435595180123,0.9955310375412646,0.0006120025395108748
roc,140,0.3508771929824561,0.9998451310979266,0.9955310375412646,0.0006120025395108748
roc,141,0.3533834586466165,0.9998467026778413,0.9955310375412646,0.0006120025395108748
roc,142,0.3558897243107769,0.9998472759805456,0.9955310375412646,0.0006120025395108748
roc,143,0.3583959899749373,0.9998476589097022,0.9955310375412646,0.0006120025395108748
roc,144,0.3609022556390977,0.999848041838859,0.9955310375412646,0.0006120025395108748
roc,145,0.3634085213032581,0.9998484247680157,0.9955310375412646,0.0006120025395108748
roc,146,0.3659147869674185,0.9998488076971723,0.9955310375412646,0.0006120025395108748
roc,147,0.3684210526315789,0.9998491906263292,0.9955310375412646,0.0006120025395108748
roc,148,0.37092731829573933,0.9998495735554858,0.9955310375412646,0.0006120025395108748
roc,149,0.37343358395989973,0.9998499564846426,0.9955310375412646,0.0006120025395108748
roc,150,0.37593984962406013,0.9998514996052382,0.9955310375412646,0.0006120025395108748
roc,151,0.37844611528822053,0.9998551100391564,0.9955310375412646,0.0006120025395108748
roc,152,0.38095238095238093,0.9998573419398925,0.9955310375412646,0.0006120025395108748
roc,153,0.38345864661654133,0.9998586453274456,0.9955310375412646,0.0006120025395108748
roc,154,0.38596491228070173,0.9998599487149985,0.9955310375412646,0.0006120025395108748
roc,155,0.38847117794486213,0.9998612521025517,0.9955310375412646,0.0006120025395108748
roc,156,0.39097744360902253,0.9998627751985898,0.9955310375412646,0.0006120025395108748
roc,157,0.39348370927318294,0.9998673320864231,0.9955310375412646,0.0006120025395108748
roc,158,0.39598997493734334,0.9998713082003583,0.9955310375412646,0.0006120025395108748
roc,159,0.39849624060150374,0.999874564349593,0.9955310375412646,0.0006120025395108748
roc,160,0.40100250626566414,0.9998752979561237,0.9955310375412646,0.0006120025395108748
roc,161,0.40350877192982454,0.9998752979561237,0.9955310375412646,0.0006120025395108748
roc,162,0.40601503759398494,0.9998752979561237,0.9955310375412646,0.0006120025395108748
roc,163,0.40852130325814534,0.9998755116003775,0.9955310375412646,0.0006120025395108748
roc,164,0.41102756892230574,0.9998816504833015,0.9955310375412646,0.0006120025395108748
roc,165,0.41353383458646614,0.9998885929091695,0.9955310375412646,0.0006120025395108748
roc,166,0.41604010025062654,0.999893420984535,0.9955310375412646,0.0006120025395108748
roc,167,0.41854636591478694,0.9998940283316312,0.9955310375412646,0.0006120025395108748
roc,168,0.42105263157894735,0.9998946356787274,0.9955310375412646,0.0006120025395108748
roc,169,0.42355889724310775,0.9998952430258237,0.9955310375412646,0.0006120025395108748
roc,170,0.42606516290726815,0.9998958503729198,0.9955310375412646,0.0006120025395108748
roc,171,0.42857142857142855,0.9998964577200162,0.9955310375412646,0.0006120025395108748
roc,172,0.43107769423558895,0.9998970650671124,0.9955310375412646,0.0006120025395108748
roc,173,0.43358395989974935,0.9998976724142086,0.9955310375412646,0.0006120025395108748
roc,174,0.43609022556390975,0.9998980001653633,0.9955310375412646,0.0006120025395108748
roc,175,0.43859649122807015,0.9998980001653633,0.9955310375412646,0.0006120025395108748
roc,176,0.44110275689223055,0.9998980001653633,0.9955310375412646,0.0006120025395108748
roc,177,0.44360902255639095,0.9998980001653633,0.9955310375412646,0.0006120025395108748
roc,178,0.44611528822055135,0.9998980001653633,0.9955310375412646,0.0006120025395108748
roc,179,0.44862155388471175,0.9998980001653633,0.9955310375412646,0.0006120025395108748
roc,180,0.45112781954887216,0.9998980001653633,0.9955310375412646,0.0006120025395108748
roc,181,0.45363408521303256,0.9998980001653633,0.9955310375412646,0.0006120025395108748
roc,182,0.45614035087719296,0.9998982803561072,0.9955310375412646,0.0006120025395108748
roc,183,0.45864661654135336,0.999899136997672,0.9955310375412646,0.0006120025395108748
roc,184,0.46115288220551376,0.9998999936392368,0.9955310375412646,0.0006120025395108748
roc,185,0.46365914786967416,0.9999008502808016,0.9955310375412646,0.0006120025395108748
roc,186,0.46616541353383456,0.9999017069223664,0.9955310375412646,0.0006120025395108748
roc,187,0.46867167919799496,0.9999025635639311,0.9955310375412646,0.0006120025395108748
roc,188,0.47117794486215536,0.9999034202054957,0.9955310375412646,0.0006120025395108748
roc,189,0.47368421052631576,0.9999036638019845,0.9955310375412646,0.0006120025395108748
roc,190,0.47619047619047616,0.9999036638019845,0.9955310375412646,0.0006120025395108748
roc,191,0.47869674185463656,0.999904119092761,0.9955310375412646,0.0006120025395108748
roc,192,0.48120300751879697,0.9999046653546392,0.9955310375412646,0.0006120025395108748
roc,193,0.48370927318295737,0.9999052116165175,0.9955310375412646,0.0006120025395108748
roc,194,0.48621553884711777,0.9999057578783954,0.9955310375412646,0.0006120025395108748
roc,195,0.48872180451127817,0.9999063041402737,0.9955310375412646,0.0006120025395108748
roc,196,0.49122807017543857,0.9999071628243957,0.9955310375412646,0.0006120025395108748
roc,197,0.49373433583959897,0.9999082670938474,0.9955310375412646,0.0006120025395108748
roc,198,0.49624060150375937,0.9999093713632992,0.9955310375412646,0.0006120025395108748
roc,199,0.49874686716791977,0.9999106043742723,0.9955310375412646,0.0006120025395108748
roc,200,0.5012531328320802,0.9999146122601907,0.9955310375412646,0.0006120025395108748
roc,201,0.5037593984962405,0.9999183021937197,0.9955310375412646,0.0006120025395108748
roc,202,0.506265664160401,0.9999193110527257,0.9955310375412646,0.0006120025395108748
roc,203,0.5087719298245614,0.9999203199117318,0.9955310375412646,0.0006120025395108748
roc,204,0.5112781954887218,0.9999213287707379,0.9955310375412646,0.0006120025395108748
roc,205,0.5137844611528821,0.9999223376297438,0.9955310375412646,0.0006120025395108748
roc,206,0.5162907268170426,0.9999232094674586,0.9955310375412646,0.0006120025395108748
roc,207,0.518796992481203,0.9999245261927122,0.9955310375412646,0.0006120025395108748
roc,208,0.5213032581453634,0.9999258429179656,0.9955310375412646,0.0006120025395108748
roc,209,0.5238095238095237,0.9999271596432191,0.9955310375412646,0.0006120025395108748
roc,210,0.5263157894736842,0.9999284763684727,0.9955310375412646,0.0006120025395108748
roc,211,0.5288220551378446,0.9999297930937262,0.9955310375412646,0.0006120025395108748
roc,212,0.531328320802005,0.9999311098189796,0.9955310375412646,0.0006120025395108748
roc,213,0.5338345864661653,0.9999319687467654,0.9955310375412646,0.0006120025395108748
roc,214,0.5363408521303258,0.999931999731575,0.9955310375412646,0.0006120025395108748
roc,215,0.5388471177944862,0.999931999731575,0.9955310375412646,0.0006120025395108748
roc,216,0.5413533834586466,0.999931999731575,0.9955310375412646,0.0006120025395108748
roc,217,0.5438596491228069,0.999931999731575,0.9955310375412646,0.0006120025395108748
roc,218,0.5463659147869674,0.999931999731575,0.9955310375412646,0.0006120025395108748
roc,219,0.5488721804511278,0.999931999731575,0.9955310375412646,0.0006120025395108748
roc,220,0.5513784461152882,0.999931999731575,0.9955310375412646,0.0006120025395108748
roc,221,0.5538847117794485,0.999931999731575,0.9955310375412646,0.0006120025395108748
roc,222,0.556390977443609,0.999931999731575,0.9955310375412646,0.0006120025395108748
roc,223,0.5588972431077694,0.999931999731575,0.9955310375412646,0.0006120025395108748
roc,224,0.5614035087719298,0.999931999731575,0.9955310375412646,0.0006120025395108748
roc,225,0.5639097744360901,0.999931999731575,0.9955310375412646,0.0006120025395108748
roc,226,0.5664160401002506,0.999931999731575,0.9955310375412646,0.0006120025395108748
roc,227,0.568922305764411,0.999931999731575,0.9955310375412646,0.0006120025395108748
roc,228,0.5714285714285714,0.999931999731575,0.9955310375412646,0.0006120025395108748
roc,229,0.5739348370927317,0.999931999731575,0.9955310375412646,0.0006120025395108748
roc,230,0.5764411027568922,0.999931999731575,0.9955310375412646,0.0006120025395108748
roc,231,0.5789473684210527,0.999931999731575,0.9955310375412646,0.0006120025395108748
roc,232,0.581453634085213,0.9999320603721357,0.9955310375412646,0.0006120025395108748
roc,233,0.5839598997493733,0.9999323694235208,0.9955310375412646,0.0006120025395108748
roc,234,0.5864661654135338,0.9999326784749061,0.9955310375412646,0.0006120025395108748
roc,235,0.5889724310776943,0.9999329875262912,0.9955310375412646,0.0006120025395108748
roc,236,0.5914786967418546,0.9999332965776763,0.9955310375412646,0.0006120025395108748
roc,237,0.593984962406015,0.9999336056290614,0.9955310375412646,0.0006120025395108748
roc,238,0.5964912280701754,0.9999366555731115,0.9955310375412646,0.0006120025395108748
roc,239,0.5989974937343359,0.9999398873684531,0.9955310375412646,0.0006120025395108748
roc,240,0.6015037593984962,0.999940196419838,0.9955310375412646,0.0006120025395108748
roc,241,0.6040100250626566,0.9999405054712233,0.9955310375412646,0.0006120025395108748
roc,242,0.606516290726817,0.9999408145226084,0.9955310375412646,0.0006120025395108748
roc,243,0.6090225563909775,0.9999411235739937,0.9955310375412646,0.0006120025395108748
roc,244,0.6115288220551378,0.9999414326253788,0.9955310375412646,0.0006120025395108748
roc,245,0.6140350877192982,0.999941741676764,0.9955310375412646,0.0006120025395108748
roc,246,0.6165413533834586,0.9999420507281492,0.9955310375412646,0.0006120025395108748
roc,247,0.6190476190476191,0.9999423597795343,0.9955310375412646,0.0006120025395108748
roc,248,0.6215538847117794,0.9999426688309194,0.9955310375412646,0.0006120025395108748
roc,249,0.6240601503759398,0.9999429778823046,0.9955310375412646,0.0006120025395108748
roc,250,0.6265664160401002,0.9999432869336898,0.9955310375412646,0.0006120025395108748
roc,251,0.6290726817042607,0.9999441002918289,0.9955310375412646,0.0006120025395108748
roc,252,0.631578947368421,0.999944974310834,0.9955310375412646,0.0006120025395108748
roc,253,0.6340852130325814,0.999945848329839,0.9955310375412646,0.0006120025395108748
roc,254,0.6365914786967418,0.9999467223488441,0.9955310375412646,0.0006120025395108748
roc,255,0.6390977443609023,0.9999475963678492,0.9955310375412646,0.0006120025395108748
roc,256,0.6416040100250626,0.9999484703868543,0.9955310375412646,0.0006120025395108748
roc,257,0.644110275689223,0.999948976865198,0.9955310375412646,0.0006120025395108748
roc,258,0.6466165413533834,0.999948976865198,0.9955310375412646,0.0006120025395108748
roc,259,0.6491228070175439,0.999948976865198,0.9955310375412646,0.0006120025395108748
roc,260,0.6516290726817042,0.999948976865198,0.9955310375412646,0.0006120025395108748
roc,261,0.6541353383458646,0.999948976865198,0.9955310375412646,0.0006120025395108748
roc,262,0.656641604010025,0.999948976865198,0.9955310375412646,0.0006120025395108748
roc,263,0.6591478696741855,0.999948976865198,0.9955310375412646,0.0006120025395108748
roc,264,0.6616541353383458,0.9999498352983801,0.9955310375412646,0.0006120025395108748
roc,265,0.6641604010025062,0.9999508278019695,0.9955310375412646,0.0006120025395108748
roc,266,0.6666666666666666,0.9999518203055588,0.9955310375412646,0.0006120025395108748
roc,267,0.6691729323308271,0.9999535130624878,0.9955310375412646,0.0006120025395108748
roc,268,0.6716791979949874,0.9999560575624413,0.9955310375412646,0.0006120025395108748
roc,269,0.6741854636591478,0.9999584605092497,0.9955310375412646,0.0006120025395108748
roc,270,0.6766917293233082,0.9999600125056138,0.9955310375412646,0.0006120025395108748
roc,271,0.6791979949874687,0.9999603130116828,0.9955310375412646,0.0006120025395108748
roc,272,0.681704260651629,0.9999603130116828,0.9955310375412646,0.0006120025395108748
roc,273,0.6842105263157894,0.9999603130116828,0.9955310375412646,0.0006120025395108748
roc,274,0.6867167919799498,0.9999603130116828,0.9955310375412646,0.0006120025395108748
roc,275,0.6892230576441103,0.9999603130116828,0.9955310375412646,0.0006120025395108748
roc,276,0.6917293233082706,0.9999603130116828,0.9955310375412646,0.0006120025395108748
roc,277,0.694235588972431,0.9999603130116828,0.9955310375412646,0.0006120025395108748
roc,278,0.6967418546365914,0.9999603130116828,0.9955310375412646,0.0006120025395108748
roc,279,0.6992481203007519,0.9999603130116828,0.9955310375412646,0.0006120025395108748
roc,280,0.7017543859649122,0.9999603130116828,0.9955310375412646,0.0006120025395108748
roc,281,0.7042606516290726,0.9999603130116828,0.9955310375412646,0.0006120025395108748
roc,282,0.706766917293233,0.9999603130116828,0.9955310375412646,0.0006120025395108748
roc,283,0.7092731829573935,0.9999603130116828,0.9955310375412646,0.0006120025395108748
roc,284,0.7117794486215538,0.9999659996764538,0.9955310375412646,0.0006120025395108748
roc,285,0.7142857142857142,0.9999659996764538,0.9955310375412646,0.0006120025395108748
roc,286,0.7167919799498746,0.9999659996764538,0.9955310375412646,0.0006120025395108748
roc,287,0.7192982456140351,0.9999659996764538,0.9955310375412646,0.0006120025395108748
roc,288,0.7218045112781954,0.9999659996764538,0.9955310375412646,0.0006120025395108748
roc,289,0.7243107769423558,0.9999659996764538,0.9955310375412646,0.0006120025395108748
roc,290,0.7268170426065163,0.9999659996764538,0.9955310375412646,0.0006120025395108748
roc,291,0.7293233082706767,0.9999659996764538,0.9955310375412646,0.0006120025395108748
roc,292,0.731829573934837,0.9999659996764538,0.9955310375412646,0.0006120025395108748
roc,293,0.7343358395989974,0.9999659996764538,0.9955310375412646,0.0006120025395108748
roc,294,0.7368421052631579,0.9999659996764538,0.9955310375412646,0.0006120025395108748
roc,295,0.7393483709273183,0.9999659996764538,0.9955310375412646,0.0006120025395108748
roc,296,0.7418546365914787,0.9999659996764538,0.9955310375412646,0.0006120025395108748
roc,297,0.744360902255639,0.9999659996764538,0.9955310375412646,0.0006120025395108748
roc,298,0.7468671679197995,0.9999659996764538,0.9955310375412646,0.0006120025395108748
roc,299,0.7493734335839599,0.9999659996764538,0.9955310375412646,0.0006120025395108748
roc,300,0.7518796992481203,0.9999659996764538,0.9955310375412646,0.0006120025395108748
roc,301,0.7543859649122806,0.9999659996764538,0.9955310375412646,0.0006120025395108748
roc,302,0.7568922305764411,0.9999659996764538,0.9955310375412646,0.0006120025395108748
roc,303,0.7593984962406015,0.9999660029553482,0.9955310375412646,0.0006120025395108748
roc,304,0.7619047619047619,0.9999671002919845,0.9955310375412646,0.0006120025395108748
roc,305,0.7644110275689222,0.9999681976286208,0.9955310375412646,0.0006120025395108748
roc,306,0.7669172932330827,0.9999692949652573,0.9955310375412646,0.0006120025395108748
roc,307,0.7694235588972431,0.9999703923018937,0.9955310375412646,0.0006120025395108748
roc,308,0.7719298245614035,0.9999714896385299,0.9955310375412646,0.0006120025395108748
roc,309,0.7744360902255638,0.9999721918746328,0.9955310375412646,0.0006120025395108748
roc,310,0.7769423558897243,0.999972823295207,0.9955310375412646,0.0006120025395108748
roc,311,0.7794486215538847,0.9999734547157809,0.9955310375412646,0.0006120025395108748
roc,312,0.7819548872180451,0.9999740861363549,0.9955310375412646,0.0006120025395108748
roc,313,0.7844611528822054,0.999974717556929,0.9955310375412646,0.0006120025395108748
roc,314,0.7869674185463659,0.999975348977503,0.9955310375412646,0.0006120025395108748
roc,315,0.7894736842105263,0.9999759803980769,0.9955310375412646,0.0006120025395108748
roc,316,0.7919799498746867,0.9999766118186508,0.9955310375412646,0.0006120025395108748
roc,317,0.794486215538847,0.999977243239225,0.9955310375412646,0.0006120025395108748
roc,318,0.7969924812030075,0.9999773131734558,0.9955310375412646,0.0006120025395108748
roc,319,0.7994987468671679,0.9999773131734558,0.9955310375412646,0.0006120025395108748
roc,320,0.8020050125313283,0.9999773131734558,0.9955310375412646,0.0006120025395108748
roc,321,0.8045112781954886,0.9999773131734558,0.9955310375412646,0.0006120025395108748
roc,322,0.8070175438596491,0.9999773131734558,0.9955310375412646,0.0006120025395108748
roc,323,0.8095238095238095,0.9999773131734558,0.9955310375412646,0.0006120025395108748
roc,324,0.8120300751879699,0.9999773131734558,0.9955310375412646,0.0006120025395108748
roc,325,0.8145363408521302,0.9999773131734558,0.9955310375412646,0.0006120025395108748
roc,326,0.8170426065162907,0.9999773131734558,0.9955310375412646,0.0006120025395108748
roc,327,0.8195488721804511,0.9999773131734558,0.9955310375412646,0.0006120025395108748
roc,328,0.8220551378446115,0.9999779309025181,0.9955310375412646,0.0006120025395108748
roc,329,0.8245614035087718,0.9999790765014778,0.9955310375412646,0.0006120025395108748
roc,330,0.8270676691729323,0.9999802221004375,0.9955310375412646,0.0006120025395108748
roc,331,0.8295739348370927,0.9999813676993972,0.9955310375412646,0.0006120025395108748
roc,332,0.8320802005012531,0.9999825132983569,0.9955310375412646,0.0006120025395108748
roc,333,0.8345864661654134,0.9999836588973166,0.9955310375412646,0.0006120025395108748
roc,334,0.8370927318295739,0.9999848044962762,0.9955310375412646,0.0006120025395108748
roc,335,0.8395989974937343,0.9999859500952359,0.9955310375412646,0.0006120025395108748
roc,336,0.8421052631578947,0.9999870956941954,0.9955310375412646,0.0006120025395108748
roc,337,0.844611528822055,0.9999882412931551,0.9955310375412646,0.0006120025395108748
roc,338,0.8471177944862155,0.999988686502998,0.9955310375412646,0.0006120025395108748
roc,339,0.849624060150376,0.999988686502998,0.9955310375412646,0.0006120025395108748
roc,340,0.8521303258145363,0.9999891217240509,0.9955310375412646,0.0006120025395108748
roc,341,0.8546365914786966,0.9999896865662649,0.9955310375412646,0.0006120025395108748
roc,342,0.8571428571428571,0.9999902514084791,0.9955310375412646,0.0006120025395108748
roc,343,0.8596491228070176,0.9999908162506932,0.9955310375412646,0.0006120025395108748
roc,344,0.8621553884711779,0.9999913810929074,0.9955310375412646,0.0006120025395108748
roc,345,0.8646616541353382,0.9999919459351215,0.9955310375412646,0.0006120025395108748
roc,346,0.8671679197994987,0.9999925107773358,0.9955310375412646,0.0006120025395108748
roc,347,0.8696741854636592,0.9999930756195499,0.9955310375412646,0.0006120025395108748
roc,348,0.8721804511278195,0.9999936404617641,0.9955310375412646,0.0006120025395108748
roc,349,0.8746867167919798,0.9999942053039781,0.9955310375412646,0.0006120025395108748
roc,350,0.8771929824561403,0.999994343251499,0.9955310375412646,0.0006120025395108748
roc,351,0.8796992481203008,0.999994343251499,0.9955310375412646,0.0006120025395108748
roc,352,0.8822055137844611,0.999994343251499,0.9955310375412646,0.0006120025395108748
roc,353,0.8847117794486214,0.999994343251499,0.9955310375412646,0.0006120025395108748
roc,354,0.8872180451127819,0.999994343251499,0.9955310375412646,0.0006120025395108748
roc,355,0.8897243107769424,0.999994343251499,0.9955310375412646,0.0006120025395108748
roc,356,0.8922305764411027,0.999994343251499,0.9955310375412646,0.0006120025395108748
roc,357,0.894736842105263,0.9999944572749844,0.9955310375412646,0.0006120025395108748
roc,358,0.8972431077694235,0.9999945893160213,0.9955310375412646,0.0006120025395108748
roc,359,0.899749373433584,0.9999947213570584,0.9955310375412646,0.0006120025395108748
roc,360,0.9022556390977443,0.9999948533980956,0.9955310375412646,0.0006120025395108748
roc,361,0.9047619047619047,0.9999949854391325,0.9955310375412646,0.0006120025395108748
roc,362,0.9072681704260651,0.9999951174801696,0.9955310375412646,0.0006120025395108748
roc,363,0.9097744360902256,0.9999952495212068,0.9955310375412646,0.0006120025395108748
roc,364,0.9122807017543859,0.9999953815622437,0.9955310375412646,0.0006120025395108748
roc,365,0.9147869674185463,0.9999955136032808,0.9955310375412646,0.0006120025395108748
roc,366,0.9172932330827067,0.999995645644318,0.9955310375412646,0.0006120025395108748
roc,367,0.9197994987468672,0.9999957776853551,0.9955310375412646,0.0006120025395108748
roc,368,0.9223057644110275,0.999995909726392,0.9955310375412646,0.0006120025395108748
roc,369,0.9248120300751879,0.9999960417674292,0.9955310375412646,0.0006120025395108748
roc,370,0.9273182957393483,0.9999961738084663,0.9955310375412646,0.0006120025395108748
roc,371,0.9298245614035088,0.9999963058495034,0.9955310375412646,0.0006120025395108748
roc,372,0.9323308270676691,0.9999964378905404,0.9955310375412646,0.0006120025395108748
roc,373,0.9348370927318295,0.9999965699315775,0.9955310375412646,0.0006120025395108748
roc,374,0.9373433583959899,0.9999967019726146,0.9955310375412646,0.0006120025395108748
roc,375,0.9398496240601504,0.9999968340136516,0.9955310375412646,0.0006120025395108748
roc,376,0.9423558897243107,0.9999969660546887,0.9955310375412646,0.0006120025395108748
roc,377,0.9448621553884711,0.9999970980957258,0.9955310375412646,0.0006120025395108748
roc,378,0.9473684210526315,0.9999972301367629,0.9955310375412646,0.0006120025395108748
roc,379,0.949874686716792,0.9999973621777999,0.9955310375412646,0.0006120025395108748
roc,380,0.9523809523809523,0.999997494218837,0.9955310375412646,0.0006120025395108748
roc,381,0.9548872180451127,0.9999976262598741,0.9955310375412646,0.0006120025395108748
roc,382,0.9573934837092731,0.9999977583009112,0.9955310375412646,0.0006120025395108748
roc,383,0.9598997493734336,0.9999978903419482,0.9955310375412646,0.0006120025395108748
roc,384,0.9624060150375939,0.9999980223829853,0.9955310375412646,0.0006120025395108748
roc,385,0.9649122807017543,0.9999981544240224,0.9955310375412646,0.0006120025395108748
roc,386,0.9674185463659147,0.9999982864650594,0.9955310375412646,0.0006120025395108748
roc,387,0.9699248120300752,0.9999984185060965,0.9955310375412646,0.0006120025395108748
roc,388,0.9724310776942355,0.9999985505471336,0.9955310375412646,0.0006120025395108748
roc,389,0.9749373433583959,0.9999986825881708,0.9955310375412646,0.0006120025395108748
roc,390,0.9774436090225563,0.9999988146292077,0.9955310375412646,0.0006120025395108748
roc,391,0.9799498746867168,0.9999989466702448,0.9955310375412646,0.0006120025395108748
roc,392,0.9824561403508771,0.999999078711282,0.9955310375412646,0.0006120025395108748
roc,393,0.9849624060150375,0.9999992107523191,0.9955310375412646,0.0006120025395108748
roc,394,0.9874686716791979,0.999999342793356,0.9955310375412646,0.0006120025395108748
roc,395,0.9899749373433584,0.9999994748343932,0.9955310375412646,0.0006120025395108748
roc,396,0.9924812030075187,0.9999996068754303,0.9955310375412646,0.0006120025395108748
roc,397,0.9949874686716791,0.9999997389164672,0.9955310375412646,0.0006120025395108748
roc,398,0.9974937343358395,0.9999998709575044,0.9955310375412646,0.0006120025395108748
roc,399,1.0,1.0,0.9955310375412646,0.0006120025395108748
pr,0,0.0,0.8,0.9937447532979806,0.0011314926562838161
pr,1,0.002506265664160401,0.800000028389156,0.9937447532979806,0.0011314926562838161
pr,2,0.005012531328320802,0.800000056778312,0.9937447532979806,0.0011314926562838161
pr,3,0.007518796992481203,0.8000000851674679,0.9937447532979806,0.0011314926562838161
pr,4,0.010025062656641603,0.800000113556624,0.9937447532979806,0.0011314926562838161
pr,5,0.012531328320802004,0.80000014194578,0.9937447532979806,0.0011314926562838161
pr,6,0.015037593984962405,0.800000170334936,0.9937447532979806,0.0011314926562838161
pr,7,0.017543859649122806,0.8000001987240919,0.9937447532979806,0.0011314926562838161
pr,8,0.020050125313283207,0.800000227113248,0.9937447532979806,0.0011314926562838161
pr,9,0.022556390977443608,0.800000255502404,0.9937447532979806,0.0011314926562838161
pr,10,0.02506265664160401,0.8000002838915599,0.9937447532979806,0.0011314926562838161
pr,11,0.02756892230576441,0.800000312280716,0.9937447532979806,0.0011314926562838161
pr,12,0.03007518796992481,0.800000340669872,0.9937447532979806,0.0011314926562838161
pr,13,0.03258145363408521,0.8000003690590279,0.9937447532979806,0.0011314926562838161
pr,14,0.03508771929824561,0.8000003974481839,0.9937447532979806,0.0011314926562838161
pr,15,0.03759398496240601,0.80000042583734,0.9937447532979806,0.0011314926562838161
pr,16,0.040100250626566414,0.8000004542264959,0.9937447532979806,0.0011314926562838161
pr,17,0.042606516290726815,0.8000004826156519,0.9937447532979806,0.0011314926562838161
pr,18,0.045112781954887216,0.8000005110048078,0.9937447532979806,0.0011314926562838161
pr,19,0.047619047619047616,0.8000005393939638,0.9937447532979806,0.0011314926562838161
pr,20,0.05012531328320802,0.8000005677831199,0.9937447532979806,0.0011314926562838161
pr,21,0.05263157894736842,0.800000596172276,0.9937447532979806,0.0011314926562838161
pr,22,0.05513784461152882,0.800000624561432,0.9937447532979806,0.0011314926562838161
pr,23,0.05764411027568922,0.8000006529505879,0.9937447532979806,0.0011314926562838161
pr,24,0.06015037593984962,0.8000006813397439,0.9937447532979806,0.0011314926562838161
pr,25,0.06265664160401002,0.8000007097288998,0.9937447532979806,0.0011314926562838161
pr,26,0.06516290726817042,0.8000007381180559,0.9937447532979806,0.0011314926562838161
pr,27,0.06766917293233082,0.8000007665072119,0.9937447532979806,0.0011314926562838161
pr,28,0.07017543859649122,0.8000007948963679,0.9937447532979806,0.0011314926562838161
pr,29,0.07268170426065163,0.8000008232855238,0.9937447532979806,0.0011314926562838161
pr,30,0.07518796992481203,0.8000008516746799,0.9937447532979806,0.0011314926562838161
pr,31,0.07769423558897243,0.8000008800638359,0.9937447532979806,0.0011314926562838161
pr,32,0.08020050125313283,0.8000009084529918,0.9937447532979806,0.0011314926562838161
pr,33,0.08270676691729323,0.8000009368421479,0.9937447532979806,0.0011314926562838161
pr,34,0.08521303258145363,0.8000009652313039,0.9937447532979806,0.0011314926562838161
pr,35,0.08771929824561403,0.8000009936204598,0.9937447532979806,0.0011314926562838161
pr,36,0.09022556390977443,0.8000010220096158,0.9937447532979806,0.0011314926562838161
pr,37,0.09273182957393483,0.8000010503987719,0.9937447532979806,0.0011314926562838161
pr,38,0.09523809523809523,0.8000010787879278,0.9937447532979806,0.0011314926562838161
pr,39,0.09774436090225563,0.8000011071770838,0.9937447532979806,0.0011314926562838161
pr,40,0.10025062656641603,0.8000011355662398,0.9937447532979806,0.0011314926562838161
pr,41,0.10275689223057644,0.8000011639553957,0.9937447532979806,0.0011314926562838161
pr,42,0.10526315789473684,0.8000011923445518,0.9937447532979806,0.0011314926562838161
pr,43,0.10776942355889724,0.8000012207337079,0.9937447532979806,0.0011314926562838161
pr,44,0.11027568922305764,0.8000012491228639,0.9937447532979806,0.0011314926562838161
pr,45,0.11278195488721804,0.8000012775120198,0.9937447532979806,0.0011314926562838161
pr,46,0.11528822055137844,0.8000013059011758,0.9937447532979806,0.0011314926562838161
pr,47,0.11779448621553884,0.8000013342903317,0.9937447532979806,0.0011314926562838161
pr,48,0.12030075187969924,0.8000013626794878,0.9937447532979806,0.0011314926562838161
pr,49,0.12280701754385964,0.8000013910686438,0.9937447532979806,0.0011314926562838161
pr,50,0.12531328320802004,0.8000014194577998,0.9937447532979806,0.0011314926562838161
pr,51,0.12781954887218044,0.8000014478469557,0.9937447532979806,0.0011314926562838161
pr,52,0.13032581453634084,0.8000014762361118,0.9937447532979806,0.0011314926562838161
pr,53,0.13283208020050125,0.8000015046252678,0.9937447532979806,0.0011314926562838161
pr,54,0.13533834586466165,0.8000015330144237,0.9937447532979806,0.0011314926562838161
pr,55,0.13784461152882205,0.8000015614035798,0.9937447532979806,0.0011314926562838161
pr,56,0.14035087719298245,0.8000015897927357,0.9937447532979806,0.0011314926562838161
pr,57,0.14285714285714285,0.8000016181818917,0.9937447532979806,0.0011314926562838161
pr,58,0.14536340852130325,0.8000016465710477,0.9937447532979806,0.0011314926562838161
pr,59,0.14786967418546365,0.8000016749602038,0.9937447532979806,0.0011314926562838161
pr,60,0.15037593984962405,0.8000017033493597,0.9937447532979806,0.0011314926562838161
pr,61,0.15288220551378445,0.8000017317385157,0.9937447532979806,0.0011314926562838161
pr,62,0.15538847117794485,0.8000017601276717,0.9937447532979806,0.0011314926562838161
pr,63,0.15789473684210525,0.8000017885168276,0.9937447532979806,0.0011314926562838161
pr,64,0.16040100250626566,0.8000018169059837,0.9937447532979806,0.0011314926562838161
pr,65,0.16290726817042606,0.8000018452951398,0.9937447532979806,0.0011314926562838161
pr,66,0.16541353383458646,0.8000018736842958,0.9937447532979806,0.0011314926562838161
pr,67,0.16791979949874686,0.8000019020734517,0.9937447532979806,0.0011314926562838161
pr,68,0.17042606516290726,0.8000019304626077,0.9937447532979806,0.0011314926562838161
pr,69,0.17293233082706766,0.8000019588517636,0.9937447532979806,0.0011314926562838161
pr,70,0.17543859649122806,0.8000019872409198,0.9937447532979806,0.0011314926562838161
pr,71,0.17794486215538846,0.8000020156300757,0.9937447532979806,0.0011314926562838161
pr,72,0.18045112781954886,0.8000020440192316,0.9937447532979806,0.0011314926562838161
pr,73,0.18295739348370926,0.8000020724083876,0.9937447532979806,0.0011314926562838161
pr,74,0.18546365914786966,0.8000021007975437,0.9937447532979806,0.0011314926562838161
pr,75,0.18796992481203006,0.8000021291866997,0.9937447532979806,0.0011314926562838161
pr,76,0.19047619047619047,0.8000021575758556,0.9937447532979806,0.0011314926562838161
pr,77,0.19298245614035087,0.8000021859650117,0.9937447532979806,0.0011314926562838161
pr,78,0.19548872180451127,0.8000022143541676,0.9937447532979806,0.0011314926562838161
pr,79,0.19799498746867167,0.8000022427433237,0.9937447532979806,0.0011314926562838161
pr,80,0.20050125313283207,0.8000022711324796,0.9937447532979806,0.0011314926562838161
pr,81,0.20300751879699247,0.8000022995216357,0.9937447532979806,0.0011314926562838161
pr,82,0.20551378446115287,0.8000023279107916,0.9937447532979806,0.0011314926562838161
pr,83,0.20802005012531327,0.8000023562999476,0.9937447532979806,0.0011314926562838161
pr,84,0.21052631578947367,0.8000023846891036,0.9937447532979806,0.0011314926562838161
pr,85,0.21303258145363407,0.8000024130782595,0.9937447532979806,0.0011314926562838161
pr,86,0.21553884711779447,0.8000024414674156,0.9937447532979806,0.0011314926562838161
pr,87,0.21804511278195488,0.8000024698565715,0.9937447532979806,0.0011314926562838161
pr,88,0.22055137844611528,0.8000024982457277,0.9937447532979806,0.0011314926562838161
pr,89,0.22305764411027568,0.8000025266348836,0.9937447532979806,0.0011314926562838161
pr,90,0.22556390977443608,0.8000025550240396,0.9937447532979806,0.0011314926562838161
pr,91,0.22807017543859648,0.8000025834131955,0.9937447532979806,0.0011314926562838161
pr,92,0.23057644110275688,0.8000026118023517,0.9937447532979806,0.0011314926562838161
pr,93,0.23308270676691728,0.8000026401915076,0.9937447532979806,0.0011314926562838161
pr,94,0.23558897243107768,0.8000026685806635,0.9937447532979806,0.0011314926562838161
pr,95,0.23809523809523808,0.8000026969698195,0.9937447532979806,0.0011314926562838161
pr,96,0.24060150375939848,0.8000027253589757,0.9937447532979806,0.0011314926562838161
pr,97,0.24310776942355888,0.8000027537481316,0.9937447532979806,0.0011314926562838161
pr,98,0.24561403508771928,0.8000027821372875,0.9937447532979806,0.0011314926562838161
pr,99,0.24812030075187969,0.8000028105264436,0.9937447532979806,0.0011314926562838161
pr,100,0.2506265664160401,0.8000028389155995,0.9937447532979806,0.0011314926562838161
pr,101,0.2531328320802005,0.8000028673047556,0.9937447532979806,0.0011314926562838161
pr,102,0.2556390977443609,0.8000028956939115,0.9937447532979806,0.0011314926562838161
pr,103,0.2581453634085213,0.8000029240830674,0.9937447532979806,0.0011314926562838161
pr,104,0.2606516290726817,0.8000029524722235,0.9937447532979806,0.0011314926562838161
pr,105,0.2631578947368421,0.8000029808613796,0.9937447532979806,0.0011314926562838161
pr,106,0.2656641604010025,0.8000030092505355,0.9937447532979806,0.0011314926562838161
pr,107,0.2681704260651629,0.8000030376396914,0.9937447532979806,0.0011314926562838161
pr,108,0.2706766917293233,0.8000030660288475,0.9937447532979806,0.0011314926562838161
pr,109,0.2731829573934837,0.8000030944180034,0.9937447532979806,0.0011314926562838161
pr,110,0.2756892230576441,0.8000031228071596,0.9937447532979806,0.0011314926562838161
pr,111,0.2781954887218045,0.8000031511963155,0.9937447532979806,0.0011314926562838161
pr,112,0.2807017543859649,0.8000031795854715,0.9937447532979806,0.0011314926562838161
pr,113,0.2832080200501253,0.8000032079746274,0.9937447532979806,0.0011314926562838161
pr,114,0.2857142857142857,0.8000032363637836,0.9937447532979806,0.0011314926562838161
pr,115,0.2882205513784461,0.8000032647529395,0.9937447532979806,0.0011314926562838161
pr,116,0.2907268170426065,0.8000032931420954,0.9937447532979806,0.0011314926562838161
pr,117,0.2932330827067669,0.8000033215312514,0.9937447532979806,0.0011314926562838161
pr,118,0.2957393483709273,0.8000033499204076,0.9937447532979806,0.0011314926562838161
pr,119,0.2982456140350877,0.8000033783095635,0.9937447532979806,0.0011314926562838161
pr,120,0.3007518796992481,0.8000034066987194,0.9937447532979806,0.0011314926562838161
pr,121,0.3032581453634085,0.8000034350878755,0.9937447532979806,0.0011314926562838161
pr,122,0.3057644110275689,0.8000034634770314,0.9937447532979806,0.0011314926562838161
pr,123,0.3082706766917293,0.8000034918661875,0.9937447532979806,0.0011314926562838161
pr,124,0.3107769423558897,0.8000035202553434,0.9937447532979806,0.0011314926562838161
pr,125,0.3132832080200501,0.8000035486444993,0.9937447532979806,0.0011314926562838161
pr,126,0.3157894736842105,0.8000035770336554,0.9937447532979806,0.0011314926562838161
pr,127,0.3182957393483709,0.8000036054228115,0.9937447532979806,0.0011314926562838161
pr,128,0.3208020050125313,0.8000036338119674,0.9937447532979806,0.0011314926562838161
pr,129,0.3233082706766917,0.8000036622011233,0.9937447532979806,0.0011314926562838161
pr,130,0.3258145363408521,0.8000036905902794,0.9937447532979806,0.0011314926562838161
pr,131,0.3283208020050125,0.8000037189794353,0.9937447532979806,0.0011314926562838161
pr,132,0.3308270676691729,0.8000037473685915,0.9937447532979806,0.0011314926562838161
pr,133,0.3333333333333333,0.8000037757577474,0.9937447532979806,0.0011314926562838161
pr,134,0.3358395989974937,0.8000038041469034,0.9937447532979806,0.0011314926562838161
pr,135,0.3383458646616541,0.8000038325360593,0.9937447532979806,0.0011314926562838161
pr,136,0.3408521303258145,0.8000038609252155,0.9937447532979806,0.0011314926562838161
pr,137,0.3433583959899749,0.8000038893143714,0.9937447532979806,0.0011314926562838161
pr,138,0.3458646616541353,0.8000039177035273,0.9937447532979806,0.0011314926562838161
pr,139,0.3483709273182957,0.8000039460926833,0.9937447532979806,0.0011314926562838161
pr,140,0.3508771929824561,0.8000039744818392,0.9937447532979806,0.0011314926562838161
pr,141,0.3533834586466165,0.8000040028709954,0.9937447532979806,0.0011314926562838161
pr,142,0.3558897243107769,0.8000040312601513,0.9937447532979806,0.0011314926562838161
pr,143,0.3583959899749373,0.8000040596493074,0.9937447532979806,0.0011314926562838161
pr,144,0.3609022556390977,0.8000040880384633,0.9937447532979806,0.0011314926562838161
pr,145,0.3634085213032581,0.8000041164276194,0.9937447532979806,0.0011314926562838161
pr,146,0.3659147869674185,0.8000041448167753,0.9937447532979806,0.0011314926562838161
pr,147,0.3684210526315789,0.8000041732059312,0.9937447532979806,0.0011314926562838161
pr,148,0.37092731829573933,0.8000042015950873,0.9937447532979806,0.0011314926562838161
pr,149,0.37343358395989973,0.8000042299842434,0.9937447532979806,0.0011314926562838161
pr,150,0.37593984962406013,0.8000042583733993,0.9937447532979806,0.0011314926562838161
pr,151,0.37844611528822053,0.8000042867625552,0.9937447532979806,0.0011314926562838161
pr,152,0.38095238095238093,0.8000043151517113,0.9937447532979806,0.0011314926562838161
pr,153,0.38345864661654133,0.8000043435408672,0.9937447532979806,0.0011314926562838161
pr,154,0.38596491228070173,0.8000043719300234,0.9937447532979806,0.0011314926562838161
pr,155,0.38847117794486213,0.8000044003191793,0.9937447532979806,0.0011314926562838161
pr,156,0.39097744360902253,0.8000044287083352,0.9937447532979806,0.0011314926562838161
pr,157,0.39348370927318294,0.8000044570974912,0.9937447532979806,0.0011314926562838161
pr,158,0.39598997493734334,0.8000044854866474,0.9937447532979806,0.0011314926562838161
pr,159,0.39849624060150374,0.8000045138758033,0.9937447532979806,0.0011314926562838161
pr,160,0.40100250626566414,0.8000045422649592,0.9937447532979806,0.0011314926562838161
pr,161,0.40350877192982454,0.8000045706541152,0.9937447532979806,0.0011314926562838161
pr,162,0.40601503759398494,0.8000045990432711,0.9937447532979806,0.0011314926562838161
pr,163,0.40852130325814534,0.8000046274324273,0.9937447532979806,0.0011314926562838161
pr,164,0.41102756892230574,0.8000046558215832,0.9937447532979806,0.0011314926562838161
pr,165,0.41353383458646614,0.8000046842107393,0.9937447532979806,0.0011314926562838161
pr,166,0.41604010025062654,0.8000047125998953,0.9937447532979806,0.0011314926562838161
pr,167,0.41854636591478694,0.8000047409890513,0.9937447532979806,0.0011314926562838161
pr,168,0.42105263157894735,0.8000047693782072,0.9937447532979806,0.0011314926562838161
pr,169,0.42355889724310775,0.8000047977673631,0.9937447532979806,0.0011314926562838161
pr,170,0.42606516290726815,0.8000048261565192,0.9937447532979806,0.0011314926562838161
pr,171,0.42857142857142855,0.8000048545456753,0.9937447532979806,0.0011314926562838161
pr,172,0.43107769423558895,0.8000048829348312,0.9937447532979806,0.0011314926562838161
pr,173,0.43358395989974935,0.8000049113239871,0.9937447532979806,0.0011314926562838161
pr,174,0.43609022556390975,0.8000049397131432,0.9937447532979806,0.0011314926562838161
pr,175,0.43859649122807015,0.8000049681022992,0.9937447532979806,0.0011314926562838161
pr,176,0.44110275689223055,0.8000049964914553,0.9937447532979806,0.0011314926562838161
pr,177,0.44360902255639095,0.8000050248806112,0.9937447532979806,0.0011314926562838161
pr,178,0.44611528822055135,0.8000050532697671,0.9937447532979806,0.0011314926562838161
pr,179,0.44862155388471175,0.8000050816589231,0.9937447532979806,0.0011314926562838161
pr,180,0.45112781954887216,0.8000051100480793,0.9937447532979806,0.0011314926562838161
pr,181,0.45363408521303256,0.8000051384372352,0.9937447532979806,0.0011314926562838161
pr,182,0.45614035087719296,0.8000051668263911,0.9937447532979806,0.0011314926562838161
pr,183,0.45864661654135336,0.8000051952155471,0.9937447532979806,0.0011314926562838161
pr,184,0.46115288220551376,0.800005223604703,0.9937447532979806,0.0011314926562838161
pr,185,0.46365914786967416,0.8000052519938592,0.9937447532979806,0.0011314926562838161
pr,186,0.46616541353383456,0.8000052803830151,0.9937447532979806,0.0011314926562838161
pr,187,0.46867167919799496,0.8000053087721712,0.9937447532979806,0.0011314926562838161
pr,188,0.47117794486215536,0.8000053371613272,0.9937447532979806,0.0011314926562838161
pr,189,0.47368421052631576,0.8000053655504832,0.9937447532979806,0.0011314926562838161
pr,190,0.47619047619047616,0.8000053939396391,0.9937447532979806,0.0011314926562838161
pr,191,0.47869674185463656,0.800005422328795,0.9937447532979806,0.0011314926562838161
pr,192,0.48120300751879697,0.8000054507179511,0.9937447532979806,0.0011314926562838161
pr,193,0.48370927318295737,0.8000054791071071,0.9937447532979806,0.0011314926562838161
pr,194,0.48621553884711777,0.8000055074962631,0.9937447532979806,0.0011314926562838161
pr,195,0.48872180451127817,0.800005535885419,0.9937447532979806,0.0011314926562838161
pr,196,0.49122807017543857,0.8000055642745751,0.9937447532979806,0.0011314926562838161
pr,197,0.49373433583959897,0.8000055926637311,0.9937447532979806,0.0011314926562838161
pr,198,0.49624060150375937,0.8000056210528872,0.9937447532979806,0.0011314926562838161
pr,199,0.49874686716791977,0.8000056494420431,0.9937447532979806,0.0011314926562838161
pr,200,0.5012531328320802,1.0,0.9937447532979806,0.0011314926562838161
pr,201,0.5037593984962405,1.0,0.9937447532979806,0.0011314926562838161
pr,202,0.506265664160401,1.0,0.9937447532979806,0.0011314926562838161
pr,203,0.5087719298245614,1.0,0.9937447532979806,0.0011314926562838161
pr,204,0.5112781954887218,1.0,0.9937447532979806,0.0011314926562838161
pr,205,0.5137844611528821,1.0,0.9937447532979806,0.0011314926562838161
pr,206,0.5162907268170426,1.0,0.9937447532979806,0.0011314926562838161
pr,207,0.518796992481203,1.0,0.9937447532979806,0.0011314926562838161
pr,208,0.5213032581453634,1.0,0.9937447532979806,0.0011314926562838161
pr,209,0.5238095238095237,1.0,0.9937447532979806,0.0011314926562838161
pr,210,0.5263157894736842,1.0,0.9937447532979806,0.0011314926562838161
pr,211,0.5288220551378446,1.0,0.9937447532979806,0.0011314926562838161
pr,212,0.531328320802005,0.999994343251499,0.9937447532979806,0.0011314926562838161
pr,213,0.5338345864661653,0.999994343251499,0.9937447532979806,0.0011314926562838161
pr,214,0.5363408521303258,0.999994343251499,0.9937447532979806,0.0011314926562838161
pr,215,0.5388471177944862,0.999994343251499,0.9937447532979806,0.0011314926562838161
pr,216,0.5413533834586466,0.999988656586728,0.9937447532979806,0.0011314926562838161
pr,217,0.5438596491228069,0.9999829998382269,0.9937447532979806,0.0011314926562838161
pr,218,0.5463659147869674,0.9999829998382269,0.9937447532979806,0.0011314926562838161
pr,219,0.5488721804511278,0.9999773131734558,0.9937447532979806,0.0011314926562838161
pr,220,0.5513784461152882,0.9999773131734558,0.9937447532979806,0.0011314926562838161
pr,221,0.5538847117794485,0.9999773131734558,0.9937447532979806,0.0011314926562838161
pr,222,0.556390977443609,0.9999773131734558,0.9937447532979806,0.0011314926562838161
pr,223,0.5588972431077694,0.9999773131734558,0.9937447532979806,0.0011314926562838161
pr,224,0.5614035087719298,0.9999773131734558,0.9937447532979806,0.0011314926562838161
pr,225,0.5639097744360901,0.9999773131734558,0.9937447532979806,0.0011314926562838161
pr,226,0.5664160401002506,0.999971656424955,0.9937447532979806,0.0011314926562838161
pr,227,0.568922305764411,0.999971656424955,0.9937447532979806,0.0011314926562838161
pr,228,0.5714285714285714,0.9999659996764538,0.9937447532979806,0.0011314926562838161
pr,229,0.5739348370927317,0.9999659996764538,0.9937447532979806,0.0011314926562838161
pr,230,0.5764411027568922,0.9999659996764538,0.9937447532979806,0.0011314926562838161
pr,231,0.5789473684210527,0.9999659996764538,0.9937447532979806,0.0011314926562838161
pr,232,0.581453634085213,0.9999659996764538,0.9937447532979806,0.0011314926562838161
pr,233,0.5839598997493733,0.9999603130116828,0.9937447532979806,0.0011314926562838161
pr,234,0.5864661654135338,0.9999603130116828,0.9937447532979806,0.0011314926562838161
pr,235,0.5889724310776943,0.9999603130116828,0.9937447532979806,0.0011314926562838161
pr,236,0.5914786967418546,0.9999603130116828,0.9937447532979806,0.0011314926562838161
pr,237,0.593984962406015,0.9999603130116828,0.9937447532979806,0.0011314926562838161
pr,238,0.5964912280701754,0.9999603130116828,0.9937447532979806,0.0011314926562838161
pr,239,0.5989974937343359,0.9999603130116828,0.9937447532979806,0.0011314926562838161
pr,240,0.6015037593984962,0.9999546562631819,0.9937447532979806,0.0011314926562838161
pr,241,0.6040100250626566,0.999948976865198,0.9937447532979806,0.0011314926562838161
pr,242,0.606516290726817,0.999948976865198,0.9937447532979806,0.0011314926562838161
pr,243,0.6090225563909775,0.999948976865198,0.9937447532979806,0.0011314926562838161
pr,244,0.6115288220551378,0.999948976865198,0.9937447532979806,0.0011314926562838161
pr,245,0.6140350877192982,0.999948976865198,0.9937447532979806,0.0011314926562838161
pr,246,0.6165413533834586,0.9999433201166971,0.9937447532979806,0.0011314926562838161
pr,247,0.6190476190476191,0.9999433201166971,0.9937447532979806,0.0011314926562838161
pr,248,0.6215538847117794,0.9999433201166971,0.9937447532979806,0.0011314926562838161
pr,249,0.6240601503759398,0.9999433201166971,0.9937447532979806,0.0011314926562838161
pr,250,0.6265664160401002,0.9999433201166971,0.9937447532979806,0.0011314926562838161
pr,251,0.6290726817042607,0.9999376564800759,0.9937447532979806,0.0011314926562838161
pr,252,0.631578947368421,0.9999376564800759,0.9937447532979806,0.0011314926562838161
pr,253,0.6340852130325814,0.999931999731575,0.9937447532979806,0.0011314926562838161
pr,254,0.6365914786967418,0.999931999731575,0.9937447532979806,0.0011314926562838161
pr,255,0.6390977443609023,0.999931999731575,0.9937447532979806,0.0011314926562838161
pr,256,0.6416040100250626,0.999931999731575,0.9937447532979806,0.0011314926562838161
pr,257,0.644110275689223,0.999931999731575,0.9937447532979806,0.0011314926562838161
pr,258,0.6466165413533834,0.999931999731575,0.9937447532979806,0.0011314926562838161
pr,259,0.6491228070175439,0.999931999731575,0.9937447532979806,0.0011314926562838161
pr,260,0.6516290726817042,0.999931999731575,0.9937447532979806,0.0011314926562838161
pr,261,0.6541353383458646,0.999931999731575,0.9937447532979806,0.0011314926562838161
pr,262,0.656641604010025,0.999931999731575,0.9937447532979806,0.0011314926562838161
pr,263,0.6591478696741855,0.999931999731575,0.9937447532979806,0.0011314926562838161
pr,264,0.6616541353383458,0.9999263203335913,0.9937447532979806,0.0011314926562838161
pr,265,0.6641604010025062,0.9999263203335913,0.9937447532979806,0.0011314926562838161
pr,266,0.6666666666666666,0.7999433112434545,0.9937447532979806,0.0011314926562838161
pr,267,0.6691729323308271,0.9999149999484691,0.9937447532979806,0.0011314926562838161
pr,268,0.6716791979949874,0.9999093205504854,0.9937447532979806,0.0011314926562838161
pr,269,0.6741854636591478,0.9999093205504854,0.9937447532979806,0.0011314926562838161
pr,270,0.6766917293233082,0.9999093205504854,0.9937447532979806,0.0011314926562838161
pr,271,0.6791979949874687,0.9999036638019845,0.9937447532979806,0.0011314926562838161
pr,272,0.681704260651629,0.9999036638019845,0.9937447532979806,0.0011314926562838161
pr,273,0.6842105263157894,0.9999036638019845,0.9937447532979806,0.0011314926562838161
pr,274,0.6867167919799498,0.9999036638019845,0.9937447532979806,0.0011314926562838161
pr,275,0.6892230576441103,0.9998980001653633,0.9937447532979806,0.0011314926562838161
pr,276,0.6917293233082706,0.9998980001653633,0.9937447532979806,0.0011314926562838161
pr,277,0.694235588972431,0.9998980001653633,0.9937447532979806,0.0011314926562838161
pr,278,0.6967418546365914,0.9998980001653633,0.9937447532979806,0.0011314926562838161
pr,279,0.6992481203007519,0.9998980001653633,0.9937447532979806,0.0011314926562838161
pr,280,0.7017543859649122,0.9998980001653633,0.9937447532979806,0.0011314926562838161
pr,281,0.7042606516290726,0.9998980001653633,0.9937447532979806,0.0011314926562838161
pr,282,0.706766917293233,0.9998980001653633,0.9937447532979806,0.0011314926562838161
pr,283,0.7092731829573935,0.9998844916289796,0.9937447532979806,0.0011314926562838161
pr,284,0.7117794486215538,0.9998752979561237,0.9937447532979806,0.0011314926562838161
pr,285,0.7142857142857142,0.9998752979561237,0.9937447532979806,0.0011314926562838161
pr,286,0.7167919799498746,0.9998752979561237,0.9937447532979806,0.0011314926562838161
pr,287,0.7192982456140351,0.9998696412076227,0.9937447532979806,0.0011314926562838161
pr,288,0.7218045112781954,0.9998639844591217,0.9937447532979806,0.0011314926562838161
pr,289,0.7243107769423558,0.9998582977943506,0.9937447532979806,0.0011314926562838161
pr,290,0.7268170426065163,0.9998526111295793,0.9937447532979806,0.0011314926562838161
pr,291,0.7293233082706767,0.9998526111295793,0.9937447532979806,0.0011314926562838161
pr,292,0.731829573934837,0.9998526111295793,0.9937447532979806,0.0011314926562838161
pr,293,0.7343358395989974,0.9998526111295793,0.9937447532979806,0.0011314926562838161
pr,294,0.7368421052631579,0.9998526111295793,0.9937447532979806,0.0011314926562838161
pr,295,0.7393483709273183,0.9998526111295793,0.9937447532979806,0.0011314926562838161
pr,296,0.7418546365914787,0.9998469543810785,0.9937447532979806,0.0011314926562838161
pr,297,0.744360902255639,0.9998469543810785,0.9937447532979806,0.0011314926562838161
pr,298,0.7468671679197995,0.9998356339959564,0.9937447532979806,0.0011314926562838161
pr,299,0.7493734335839599,0.9998356339959564,0.9937447532979806,0.0011314926562838161
pr,300,0.7518796992481203,0.9998356339959564,0.9937447532979806,0.0011314926562838161
pr,301,0.7543859649122806,0.9998356339959564,0.9937447532979806,0.0011314926562838161
pr,302,0.7568922305764411,0.9998356339959564,0.9937447532979806,0.0011314926562838161
pr,303,0.7593984962406015,0.9998299502401305,0.9937447532979806,0.0011314926562838161
pr,304,0.7619047619047619,0.9998299502401305,0.9937447532979806,0.0011314926562838161
pr,305,0.7644110275689222,0.9998299502401305,0.9937447532979806,0.0011314926562838161
pr,306,0.7669172932330827,0.9998299502401305,0.9937447532979806,0.0011314926562838161
pr,307,0.7694235588972431,0.9998299502401305,0.9937447532979806,0.0011314926562838161
pr,308,0.7719298245614035,0.9998242708421469,0.9937447532979806,0.0011314926562838161
pr,309,0.7744360902255638,0.9998242708421469,0.9937447532979806,0.0011314926562838161
pr,310,0.7769423558897243,0.9998242708421469,0.9937447532979806,0.0011314926562838161
pr,311,0.7794486215538847,0.9998242708421469,0.9937447532979806,0.0011314926562838161
pr,312,0.7819548872180451,0.9998186072055258,0.9937447532979806,0.0011314926562838161
pr,313,0.7844611528822054,0.9998186072055258,0.9937447532979806,0.0011314926562838161
pr,314,0.7869674185463659,0.9998072937085238,0.9937447532979806,0.0011314926562838161
pr,315,0.7894736842105263,0.9998072937085238,0.9937447532979806,0.0011314926562838161
pr,316,0.7919799498746867,0.9998072937085238,0.9937447532979806,0.0011314926562838161
pr,317,0.794486215538847,0.9998072937085238,0.9937447532979806,0.0011314926562838161
pr,318,0.7969924812030075,0.9998072937085238,0.9937447532979806,0.0011314926562838161
pr,319,0.7994987468671679,0.9998072937085238,0.9937447532979806,0.0011314926562838161
pr,320,0.8020050125313283,0.9998016099526981,0.9937447532979806,0.0011314926562838161
pr,321,0.8045112781954886,0.9998016099526981,0.9937447532979806,0.0011314926562838161
pr,322,0.8070175438596491,0.9998016099526981,0.9937447532979806,0.0011314926562838161
pr,323,0.8095238095238095,0.9997902895675761,0.9937447532979806,0.0011314926562838161
pr,324,0.8120300751879699,0.9997902895675761,0.9937447532979806,0.0011314926562838161
pr,325,0.8145363408521302,0.9997846259309547,0.9937447532979806,0.0011314926562838161
pr,326,0.8170426065162907,0.9997752231472521,0.9937447532979806,0.0011314926562838161
pr,327,0.8195488721804511,0.9997619095668078,0.9937447532979806,0.0011314926562838161
pr,328,0.8220551378446115,0.9997562528183069,0.9937447532979806,0.0011314926562838161
pr,329,0.8245614035087718,0.9997562528183069,0.9937447532979806,0.0011314926562838161
pr,330,0.8270676691729323,0.9997505891816857,0.9937447532979806,0.0011314926562838161
pr,331,0.8295739348370927,0.9997505891816857,0.9937447532979806,0.0011314926562838161
pr,332,0.8320802005012531,0.9997392158521435,0.9937447532979806,0.0011314926562838161
pr,333,0.8345864661654134,0.9997278454315465,0.9937447532979806,0.0011314926562838161
pr,334,0.8370927318295739,0.9997221587667754,0.9937447532979806,0.0011314926562838161
pr,335,0.8395989974937343,0.9997221587667754,0.9937447532979806,0.0011314926562838161
pr,336,0.8421052631578947,0.9997221587667754,0.9937447532979806,0.0011314926562838161
pr,337,0.844611528822055,0.9997221587667754,0.9937447532979806,0.0011314926562838161
pr,338,0.8471177944862155,0.9997165020182746,0.9937447532979806,0.0011314926562838161
pr,339,0.849624060150376,0.9997165020182746,0.9937447532979806,0.0011314926562838161
pr,340,0.8521303258145363,0.9997108153535035,0.9937447532979806,0.0011314926562838161
pr,341,0.8546365914786966,0.9997051286887324,0.9937447532979806,0.0011314926562838161
pr,342,0.8571428571428571,0.9996937881844055,0.9937447532979806,0.0011314926562838161
pr,343,0.8596491228070176,0.9996711316527988,0.9937447532979806,0.0011314926562838161
pr,344,0.8621553884711779,0.9996654749042978,0.9937447532979806,0.0011314926562838161
pr,345,0.8646616541353382,0.9996541387578128,0.9937447532979806,0.0011314926562838161
pr,346,0.8671679197994987,0.9996427799618453,0.9937447532979806,0.0011314926562838161
pr,347,0.8696741854636592,0.9996257660238319,0.9937447532979806,0.0011314926562838161
pr,348,0.8721804511278195,0.9996144229892272,0.9937447532979806,0.0011314926562838161
pr,349,0.8746867167919798,0.9996144229892272,0.9937447532979806,0.0011314926562838161
pr,350,0.8771929824561403,0.9995917138918673,0.9937447532979806,0.0011314926562838161
pr,351,0.8796992481203008,0.9995690077034528,0.9937447532979806,0.0011314926562838161
pr,352,0.8822055137844611,0.9995690077034528,0.9937447532979806,0.0011314926562838161
pr,353,0.8847117794486214,0.9995349870942135,0.9937447532979806,0.0011314926562838161
pr,354,0.8872180451127819,0.9995349870942135,0.9937447532979806,0.0011314926562838161
pr,355,0.8897243107769424,0.9995236282982459,0.9937447532979806,0.0011314926562838161
pr,356,0.8922305764411027,0.9995065755707199,0.9937447532979806,0.0011314926562838161
pr,357,0.894736842105263,0.7996991033365477,0.9937447532979806,0.0011314926562838161
pr,358,0.8972431077694235,0.999483862115518,0.9937447532979806,0.0011314926562838161
pr,359,0.899749373433584,0.9994725118141258,0.9937447532979806,0.0011314926562838161
pr,360,0.9022556390977443,0.9994554846450278,0.9937447532979806,0.0011314926562838161
pr,361,0.9047619047619047,0.5999195595352901,0.9937447532979806,0.0011314926562838161
pr,362,0.9072681704260651,0.9993930851164018,0.9937447532979806,0.0011314926562838161
pr,363,0.9097744360902256,0.9993590629007072,0.9937447532979806,0.0011314926562838161
pr,364,0.9122807017543859,0.9993079950031654,0.9937447532979806,0.0011314926562838161
pr,365,0.9147869674185463,0.999262632985858,0.9937447532979806,0.0011314926562838161
pr,366,0.9172932330827067,0.9992399519772045,0.9937447532979806,0.0011314926562838161
pr,367,0.9197994987468672,0.9992115861313436,0.9937447532979806,0.0011314926562838161
pr,368,0.9223057644110275,0.99920590673336,0.9937447532979806,0.0011314926562838161
pr,369,0.9248120300751879,0.9991547500108304,0.9937447532979806,0.0011314926562838161
pr,370,0.9273182957393483,0.9990744706113656,0.9937447532979806,0.0011314926562838161
pr,371,0.9298245614035088,0.7995162745623763,0.9937447532979806,0.0011314926562838161
pr,372,0.9323308270676691,0.9989050910771875,0.9937447532979806,0.0011314926562838161
pr,373,0.9348370927318295,0.9987690075243106,0.9937447532979806,0.0011314926562838161
pr,374,0.9373433583959899,0.9986498315501529,0.9937447532979806,0.0011314926562838161
pr,375,0.9398496240601504,0.9984852398480035,0.9937447532979806,0.0011314926562838161
pr,376,0.9423558897243107,0.9983153984762714,0.9937447532979806,0.0011314926562838161
pr,377,0.9448621553884711,0.9980823888552941,0.9937447532979806,0.0011314926562838161
pr,378,0.9473684210526315,0.5988894710835111,0.9937447532979806,0.0011314926562838161
pr,379,0.949874686716792,0.9972756132676548,0.9937447532979806,0.0011314926562838161
pr,380,0.9523809523809523,0.5986455899052793,0.9937447532979806,0.0011314926562838161
pr,381,0.9548872180451127,0.9960870166965246,0.9937447532979806,0.0011314926562838161
pr,382,0.9573934837092731,0.9953930808621484,0.9937447532979806,0.0011314926562838161
pr,383,0.9598997493734336,0.9943628238020741,0.9937447532979806,0.0011314926562838161
pr,384,0.9624060150375939,0.993039559536151,0.9937447532979806,0.0011314926562838161
pr,385,0.9649122807017543,0.7935936153405516,0.9937447532979806,0.0011314926562838161
pr,386,0.9674185463659147,0.9893041251430453,0.9937447532979806,0.0011314926562838161
pr,387,0.9699248120300752,0.986285030656387,0.9937447532979806,0.0011314926562838161
pr,388,0.9724310776942355,0.9833773835328714,0.9937447532979806,0.0011314926562838161
pr,389,0.9749373433583959,0.9785432981777502,0.9937447532979806,0.0011314926562838161
pr,390,0.9774436090225563,0.9716513428877839,0.9937447532979806,0.0011314926562838161
pr,391,0.9799498746867168,0.9625335237949066,0.9937447532979806,0.0011314926562838161
pr,392,0.9824561403508771,0.5745142977482773,0.9937447532979806,0.0011314926562838161
pr,393,0.9849624060150375,0.7506254153938664,0.9937447532979806,0.0011314926562838161
pr,394,0.9874686716791979,0.900594546939508,0.9937447532979806,0.0011314926562838161
pr,395,0.9899749373433584,0.7252994283301784,0.9937447532979806,0.0011314926562838161
pr,396,0.9924812030075187,0.3297427991243151,0.9937447532979806,0.0011314926562838161
pr,397,0.9949874686716791,0.4259569039026774,0.9937447532979806,0.0011314926562838161
pr,398,0.9974937343358395,0.25469125035682694,0.9937447532979806,0.0011314926562838161
pr,399,1.0,0.0020403405151642314,0.9937447532979806,0.0011314926562838161
